Code fournisseur;upc;Refs;nom;Prix d'achat;Conditionnement;production;tva;Prix attr. TTC;Poids attr.;graines pour 1 g;Famille;cycle;exposition;label;Type variétal;couleur extérieure;description courte;meta_description;meta_title;date semis;3;Info graines/sachet;categorie;sous-categorie
FL04579;67118;4-117;Chrysanthème Snow Daisy;158,80 €;2 g;Non traitée;10%;2,4;0,002;1600;Capparidacées ;plante annuelle;Ensoleillée ou mi-ombragée ;Non traité;Pollinisation ouverte;Blanc;Le Chrysanthème Snow Daisy est une plante vivace élégante avec des fleurs blanches pures, idéales pour les bordures et les bouquets frais. Floraison : Juillet à Septembre - Hauteur : 30-50 cm.;Découvrez le Chrysanthème Snow Daisy, une plante vivace élégante aux fleurs blanches pures, parfaite pour les bordures et les bouquets, attirant les pollinisateurs.;Graines de fleurs Chrysanthème paludosum Snow Daisy - La Bonne Graine;mars;juillet;3200;Graines de fleurs;Fleurs décoratives
FL09239;67120;4-119;Clarkia double Mix;68,90 €;5 g;Non traitée;10%;2,4;0,005;3000;Onagracées;plante annuelle;Ensoleillée ;Non traité;Pollinisation ouverte;Multi-couleurs;Le Clarkia double Mix est une plante annuelle très florifère, produisant des fleurs doubles dans une palette de couleurs vives. Parfait pour les massifs et les bouquets.Cette variété attire les abeilles et les papillons, embellissant votre jardin tout au long de la saison. Floraison : juin à octobre - Hauteur : 40-60 cm.;Découvrez le Clarkia double Mix, une plante annuelle aux fleurs doubles et couleurs vives, idéale pour les massifs et les bouquets, attirant abeilles et papillons.;Graines de fleurs Clarkia double Mix - La Bonne Graine;mars;juin;15000;Graines de fleurs;Fleurs décoratives
FL01332;67121;4-120;Cléome épineux Colour Fountain en mélange;66,40 €;5 g;Non traitée;10%;2,4;0,005;500;Capparidacées;plante annuelle;Chaude et ensoleillée ;Non traité;Pollinisation ouverte;Multi-couleurs;Le Cléome épineux Colour Fountain en mélange est une plante annuelle spectaculaire avec des fleurs épineuses dans des tons de rose, blanc et violet, idéale pour les massifs. Floraison : juillet à octobre - Hauteur : 120-150 cm.;Découvrez le Cléome épineux Colour Fountain en mélange, une plante annuelle spectaculaire aux fleurs épineuses et colorées, idéale pour les massifs, attirant les pollinisateurs.;Graines de fleurs Cléome épineux Colour Fountain Mix - La Bonne Graine;mars;juin;2500;Graines de fleurs;Fleurs décoratives
;67123;4-122;Cobée grimpante en mélange;210,60 €;2 g;Non traitée;10%;3,2;0,002;20;Polémoniacées;plante annuelle;Ensoleillée ;Non traité;Pollinisation ouverte;Multi-couleurs;La Cobée grimpante en mélange est une plante grimpante vigoureuse produisant des fleurs en forme de clochettes dans une variété de couleurs, idéale pour couvrir treillis et pergolas. Hauteur : 300-500 cm. Floraison : juillet à octobre;Découvrez la Cobée grimpante en mélange, une plante grimpante vigoureuse aux fleurs en clochettes colorées, idéale pour treillis et pergolas, attirant les pollinisateurs.;Graines de fleurs Cobée grimpante bleu et blanche Mix - La Bonne Graine;mars;juin;40;Graines de fleurs;Fleurs décoratives
;67267;4-264;Coléus Pinto en mélange;1 763,80 €;0,2 g;Non traitée;10%;2,6;0,0002;3200;Lamiacées;plante annuelle;Ensoleillée ou mi-ombragée ;Non traité;Pollinisation ouverte;Multi-couleurs;Son feuillage panaché de couleurs vives et variées en fait une plante idéale pour les bordures, les pots ou les jardinières.Offrez à votre jardin une touche exotique avec le Coléus Pinto !  Floraison estivale discrète. Taille adulte : 20-50 cm. Préfère l'ombre partielle et les sols riches.;Sublimez vos espaces verts avec les couleurs vibrantes et les motifs originaux du Coléus Pinto. Un feuillage panaché qui ne laissera personne indifférent.;Graines de fleurs Coléus Pinto Mix - La Bonne Graine;mars;juin;640;Graines de fleurs;Fleurs décoratives
FL03956;67266;4-263;Compagnon blanc - Silene pratensis;307,80 €;1 g;Non traitée;10%;2,3;0,0001;1100;Caryophyllacées;plante vivace;Ensoleillée ou mi-ombragée ;Non traité;Pollinisation ouverte;Blanc;Attirez les papillons et les abeilles dans votre jardin avec le Compagnon blanc. Ses délicates fleurs blanches forment de jolies touffes et sont parfaites pour les massifs et les bordures. Floraison printanière et estivale. Taille adulte : 30-50 cm. S'adapte à tous les sols bien drainés.Floraison: Mai-septembre.;Invitez les pollinisateurs dans votre jardin avec le Compagnon blanc. Ses délicates fleurs blanches illumineront vos massifs et bordures.;Graines de fleurs Compagnon blanc - Silene pratensis - La Bonne Graine;mars;mai;1100;Graines de fleurs;Fleurs décoratives
FL02835;67268;4-265;Consoude;1 134,00 €;0,5 g;Non traitée;10%;3,2;0,0005;100;Boraginacées;vivace annuelle;Ensoleillée ou mi-ombragée ;Non traité;Pollinisation ouverte;Violet / Pourpre;Une plante aux multiples vertus ! Cultivez la Consoude pour ses feuilles comestibles, riches en vitamines et minéraux, et ses fleurs mellifères. Excellent engrais vert. Floraison printanière. Taille adulte : 60-120 cm. Préfère les sols frais et riches en humus. Floraison : Mai-juin.; Une plante aux multiples talents ! Cultivez la Consoude pour ses propriétés médicinales, ses feuilles comestibles et son rôle d'engrais naturel.;Graines de fleurs Consoude (plante sauvage annuelle) - La Bonne Graine;mars;juin;50;Graines de fleurs;Fleurs décoratives
FL01132;67235;4-233;Coquelicot Bridal Silk;1 321,90 €;0,5 g;Non traitée;10%;4,5;0,0005;6800;Papaveracées;plante annuelle ou bisannuelle;Ensoleillée ;Non traité;Pollinisation ouverte;Multi-couleurs;Apportez une touche romantique à votre jardin avec le Coquelicot Bridal Silk. Ses fleurs doubles aux couleurs pastel sont parfaites pour les bouquets et les massifs. Floraison estivale. Taille adulte : 60-80 cm. S'adapte à tous les sols bien drainés. Floraison : juin à août;Offrez-vous la douceur des coquelicots Bridal Silk. Leurs fleurs doubles aux couleurs pastel créeront une ambiance romantique dans votre jardin.;Graines de fleurs Coquelicot Bridal Silk - La Bonne Graine;mars;juin;3400;Graines de fleurs;Fleurs décoratives
FL08247;67133;4-132;Cynoglosse Chill Out Mix;239,40 €;1 g;Non traitée;10%;2,1;0,0001;220;Boraginacées;plante annuelle;Ensoleillée ou mi-ombragée ;Non traité;Pollinisation ouverte;Multi-couleurs; Le Cynoglosse Dixi Chill Out Mix offre un mélange de couleurs pastel douces et délicates. Cette plante bisannuelle produit des fleurs en forme de petites trompettes, parfaites pour créer un effet romantique dans vos massifs. Hauteur : 30-40 cm. Floraison : mai à août;Créez une ambiance paisible avec le Cynoglosse Dixi Chill Out Mix. Ses fleurs délicates aux couleurs pastel apporteront une touche de douceur à votre jardin.;Graines de fleurs Cynoglosse Chill Out Mix - La Bonne Graine;mars;juin;220;Graines de fleurs;Fleurs décoratives
FL07092;67135;4-134;Dahlia Bishop's Children;734,10 €;1 g;Non traitée;10%;4,5;0,0001;130;Astéracées;plante annuelle;Ensoleillée ;Non traité;Pollinisation ouverte;Multi-couleurs;Le Dahlia Dishop's Children est une variété naine aux fleurs doubles et colorées. Parfait pour les bordures, les pots et les jardinières, il offre une longue floraison estivale. Hauteur : 30-45 cm. Floraison : juillet à septembre.;Ajoutez une touche de gaieté à votre jardin avec le Dahlia Dishop's Children. Ses fleurs doubles et colorées illumineront vos massifs tout l'été.;Graines de fleurs Dahlia Bishop's Children - La Bonne Graine;mars;septembre;130;Graines de fleurs;Fleurs décoratives
FL03594;67137;4-136;Delosperma Table Mountain (graines enrobées);6,20 €;50 graines;Non traitée;10%;2,3;0,111;450;Aizoacées;plante vivace;Ensoleillée ;Non traité;Pollinisation ouverte;Rose; Le Delosperma Table Mountain est une plante couvre-sol succulente, idéale pour les rocailles et les talus ensoleillés. Ses fleurs roses, en forme de marguerite, s'ouvrent au soleil et offrent une floraison généreuse tout l'été. Hauteur : 10 à 15 cm - Folraison : juin à septembre;Découvrez le Delosperma Table Mountain, une plante couvre-sol résistante à la sécheresse, aux fleurs roses éclatantes. Parfait pour les rocailles et les jardins secs.;Graines de fleurs Delosperma cooperi Table Mountain (graines enrobées) - La Bonne Graine;mars;juin;;Graines de fleurs;Fleurs décoratives
FL07934;67141;4-140;Delphinium de Chine;335,30 €;1 g;Non traitée;10%;2,5;0,0001;1000;Ranunculacées;vivace annuelle;Ensoleillée ;Non traité;Pollinisation ouverte;Bleu;Le Delphinium de Chine est une plante naine et compacte aux épis floraux dressés et bleu électrique. Idéal pour les massifs et les bordures, il apporte de la hauteur et de la structure au jardin. Ses fleurs en éperons sont disponibles dans un large choix de couleurs. Hauteur à maturité : 40 cm Floraison: juin à août;Sublimez votre jardin avec le Delphinium de Chine. Ses épis floraux hauts en couleur créeront un effet spectaculaire. Plante idéale pour les massifs et les bordures.;Graines de fleurs Delphinium de Chine - La Bonne Graine;mars;juin;1000;Graines de fleurs;Fleurs décoratives
FL08197;67148;4-147;Digitale Excelsior Mix;158,80 €;2 g;Non traitée;10%;2,4;0,0002;10000;"
Scrophulariacées";plante bisannuelle;Ensoleillée ou mi-ombragée ;Non traité;Pollinisation ouverte;Multi-couleurs; La Digitale Excelsior Mix propose un mélange de digitales aux fleurs en forme de clochettes, dans une variété de couleurs. Cette plante bi annuelle apporte de la verticalité et de la structure au jardin. Attention, la digitale pourprée est une plante toxique, donc manipulez-la avec précaution et évitez de l'implanter dans des zones accessibles aux enfants et aux animaux domestiques. Hauteur : 1,5 m à 1,8 m - Floraison : juillet à août;Ajoutez de la hauteur et du mystère à votre jardin avec la Digitale Excelsior Mix. Ses fleurs en forme de clochettes offrent un spectacle unique.;Graines de fleurs Digitale Excelsior Mix - La Bonne Graine;mars;;20000;Graines de fleurs;Fleurs décoratives
FL06219;67150;4-149;Dolique Ruby Moon;45,40 €;8 g;Non traitée;10%;2,8;0,0008;3;Fabacées (légumineuses);plante annuelle;Ensoleillée ;Non traité;Pollinisation ouverte;Rouge;La Dolique Ruby Moon est une plante grimpante vigoureuse aux fleurs en forme de papillon, de couleur rouge vif. Idéale pour couvrir rapidement treillis, pergolas et clôtures. Floraison : juillet à septembre;Découvrez la Dolique Ruby Moon, une grimpante vigoureuse aux fleurs rouges en forme de papillon. Parfaite pour habiller vos espaces extérieurs.;Graines de fleurs Dolique Ruby Moon - La Bonne Graine;mars;septembre;24;Graines de fleurs;Fleurs comestibles
FL05522;67152;4-151;Echinops Boule azurée;226,80 €;1 g;Non traitée;10%;2,1;0,0001;60;Astéracées;plante vivace;Ensoleillée ou mi-ombragée ;Non traité;Pollinisation ouverte;Bleu;"L'Échinops ritro ""Boule azurée"" forme de magnifiques boules de fleurs bleu intense, très décoratives. Cette vivace rustique apportera une touche structurée et élégante à vos massifs. Hauteur : 60-80 cm. Floraison : juillet à septembre.";Créez un effet graphique dans votre jardin avec l'Échinops Boule azurée. Ses sphères de fleurs bleu intense sont parfaites pour les massifs contemporains;"Graines de fleurs Echinops ritro ""Boule azurée"" - La Bonne Graine";mars;septembre;60;Graines de fleurs;Fleurs décoratives
FL09441;67153;4-152;Emilia janica Irish Poet;568,60 €;0,5 g;Non traitée;10%;2,2;0,00005;1300;Astéracées;plante annuelle;Ensoleillée ;Non traité;Pollinisation ouverte;Rose;L'Émilie javanica 'Irish Poet' offre de délicates fleurs rose pourpre, idéales pour les bordures et les massifs. Cette annuelle à croissance rapide apportera une touche de couleur à votre jardin. Hauteur : 30-40 cm. Floraison : juin à septembre.;Ajoutez une touche de romantisme à votre jardin avec l'Émilie javanica 'Irish Poet'. Ses fleurs rose pourpre délicates créeront une ambiance douce et aérienne.;Graines de fleurs Emilia jaVivace annuellenica Irish Poet - La Bonne Graine;mars;juin;650;Graines de fleurs;Fleurs décoratives
FL03854;67151;4-150;Ficoïde Magic Carpet en mélange;55,90 €;5 g;Non traitée;10%;2,1;0,0005;3200;"
Aizoacées";plante annuelle;Ensoleillée ;Non traité;Pollinisation ouverte;Multi-couleurs; Le Ficoïde Magic Carpet offre une palette de couleurs vives et éclatantes. Cette plante couvre-sol succulente est idéale pour les rocailles et les bordures. Floraison : juin à septembre.;abillez vos rocailles et vos murets avec le Ficoïde Magic Carpet. Ses fleurs colorées et résistantes à la sécheresse illumineront votre jardin.;Graines de fleurs Ficoïde (Mesembryanthemum) Magic Carpet Mix - La Bonne Graine;mars;juin;16000;Graines de fleurs;Fleurs décoratives
FL09248;67240;4-238;Passiflore Bleue;580,00 €;0,5 g;Non traitée;10%;2,2;0,00005;210; Passifloracées;plante vivace;Ensoleillée ou mi-ombragée ;Non traité;Pollinisation ouverte;Bleu; La Passiflore Bleue est une plante grimpante aux fleurs exotiques d'un bleu intense. Elle apportera une touche de mystère et d'originalité à votre jardin. Hauteur : 3-5 mètres. Floraison : juillet à septembre.;Évadez-vous avec la Passiflore Bleue. Ses fleurs exotiques et parfumées créeront une ambiance tropicale dans votre jardin.;Graines de fleurs Fleur de la Passion Bleue Passiflora caerulea - La Bonne Graine;mars;septembre;105;Graines de fleurs;Fleurs comestibles
FL02014;67156;4-155;Gaillarde à grandes fleurs Mix;51,80 €;3 g;Non traitée;10%;2,1;0,0003;340;Astéracées;plante vivace;;Non traité;Pollinisation ouverte;Multi-couleurs;La Gaillarde à grandes fleurs Mix offre un mélange de couleurs chaudes et éclatantes. Cette vivace rustique est idéale pour les massifs et les bordures. Hauteur : 60-80 cm. Floraison : juin à septembre.;Égayez votre jardin avec la Gaillarde à grandes fleurs Mix. Ses fleurs aux couleurs vives et chaleureuses apporteront de la gaieté tout l'été.;Graines de fleurs Gaillarde viVivace annuellece haute, à grandes fleurs Mix - La Bonne Graine;mars;juin;1020;Graines de fleurs;Fleurs décoratives
FL02331;67157;4-156;Gaura lindheimeri The Bride;291,60 €;1 g;Non traitée;10%;2,2;0,0001;60;Onagracées;vivace annuelle;;Non traité;Pollinisation ouverte;Multi-couleurs;La Gazania Tiger Stripes Mix offre des fleurs aux couleurs vives et contrastées, rappelant la peau d'un tigre. Cette plante est idéale pour les rocailles et les bordures. Floraison : juin à septembre.;Apportez une touche sauvage à votre jardin avec la Gazania Tiger Stripes Mix. Ses fleurs aux motifs zébrés sont originales et captivantes;Graines de fleurs Gaura lindheimeri The Bride - La Bonne Graine;mars;juin;60;Graines de fleurs;Fleurs décoratives
FL08478;67158;4-157;GazaniaTiger Stripes Mix;3 650,00 €;0,25 g;Non traitée;10%;4,9;0,000025;400;Astéracées;plante annuelle;Ensoleillée ;Non traité;Pollinisation ouverte;Multi-couleurs;La Gazania Tiger Stripes Mix offre un spectacle vibrant avec ses fleurs ressemblant à des marguerites, ornées de rayures contrastées sur chaque pétale. Ces couleurs flamboyantes, mêlant notamment le rouge et le jaune, le rose et le crème, ou le jaune et le crème, créent un effet visuel saisissant. Cette plante vivace, bien qu'annuelle dans la plupart des régions, se distingue par sa résistance à la sécheresse et son adaptation aux conditions difficiles. Sa floraison généreuse s'étend de mai à octobre, apportant une touche d'exotisme au jardin. Hauteur: Environ 20-25 cm;Résistante à la sécheresse, la Gazania Tiger Stripes en mélange convient parfaitement aux rocailles, bordures et pots ensoleillés. Profitez d'une floraison généreuse de mai à octobre.;Graines de fleurs GazaniaTiger Stripes Mix - La Bonne Graine;mars;mai;100;Graines de fleurs;Fleurs décoratives
FL06169;67241;4-239;Géranium F2 Dancer en mélange;61,40 €;25 graines;Non traitée;10%;6,2;0,0001;;Géraniacées;plante annuelle;Ensoleillée ;Non traité;Hybride F1;Multi-couleurs;Ce géranium zonal, apprécié pour sa floraison abondante et sa résistance, se décline en une multitude de teintes allant du rose bonbon au rouge éclatant, en passant par le violet et le blanc. Ses fleurs simples ou semi-doubles, portées par des tiges rigides, forment de jolies touffes compactes. Parfait pour embellir vos massifs et jardinières. Hauteur: 25-30 cm Floraison: Du printemps à l'automne;Apportez de la couleur et de la gaieté à votre jardin avec le Géranium F2 Dancer en mélange ! Ses fleurs aux teintes vives et variées vous séduiront par leur abondance et leur longue durée de floraison. Idéal pour les massifs, les jardinières et les balcons.;Graines de fleurs Géranium (Pelargonium) F2 Dancer Mix - La Bonne Graine;mars;juin;;Graines de fleurs;Fleurs décoratives
FL02197;67117;4-116;Girofléee ravenelle des jardins haute en mélange;56,70 €;5 g;Non traitée;10%;2,1;0,0005;500;Brassicacées;plante bisannuelle;Ensoleillée ou mi-ombragée ;Non traité;Pollinisation ouverte;Multi-couleurs;La giroflée ravenelle des jardins haute en mélange est une plante annuelle ou bisannuelle qui enchante les jardins de ses grappes de fleurs parfumées et colorées. Ce mélange offre une palette allant du jaune crème au rouge pourpre en passant par l'orange et le violet. Son port érigé et sa floraison abondante en font une plante idéale pour les bordures, les massifs et même les pots. Hauteur: 35-60 cm - Floraison: mars à juillet puis septembre à octobre;Sublimez votre jardin avec la giroflée ravenelle des jardins haute en mélange ! Ses fleurs parfumées et colorées apporteront une touche de gaieté et de nostalgie. Parfaite pour les bordures et les massifs.;Graines de fleurs Giroflée ravenelle des jardins haute en mélange - La Bonne Graine;mars;juin;2500;Graines de fleurs;Fleurs décoratives
FL07742;67159;4-158;Godétia Azalaeflora en mélange;105,30 €;2 g;Non traitée;10%;2,1;0,0002;2000;Onagracées;plante annuelle;Ensoleillée ou mi-ombragée ;Non traité;Pollinisation ouverte;Multi-couleurs;La Godétie Azalaeflora en mélange est une plante annuelle qui apportera une touche de gaieté et de fraîcheur à votre jardin. Ses fleurs simples ou doubles, aux formes variées, offrent une palette de couleurs allant du blanc pur au rouge vif en passant par le rose, le violet et le saumon. Hauteur: 30-50 cm - Floraison : juillet à octobre;La Godétie Azalaeflora est appréciée pour sa floraison abondante et prolongée, qui s'étend du printemps à l'automne. Ses fleurs, souvent comparées à de petites roses, sont portées par des tiges fines et ramifiées, formant des buissons touffus et colorés.;Graines de fleurs Godétia Azalaeflora mix - La Bonne Graine;mars;septembre;4000;Graines de fleurs;Fleurs décoratives
FL05961;67160;4-159;Amarantoïde QIS® en mélange;2,50 €;100 graines;Non traitée;10%;2,1;0,25;400;Amaranthacées;plante annuelle;Ensoleillée ;Non traité;Pollinisation ouverte;Multi-couleurs;L'Amarantoïde QIS® se distingue par son port compact et buissonnant, ainsi que par sa floraison généreuse et prolongée. Les fleurs, souvent comparées à de petites étoiles ou à des pompons, se déclinent dans une multitude de couleurs vives et pastel. Son feuillage, souvent vert foncé, sert de magnifique écrin à ces fleurs exotiques. Hauteur: 20-30 cm;L'Amarantoïde QIS® en mélange est une plante annuelle qui apportera une touche d'exotisme et de modernité à vos massifs et jardinières. Ses fleurs délicates, aux formes originales et aux couleurs éclatantes, offrent un spectacle visuel saisissant.;Graines de fleurs Gomphrena ou Amarantoïde QIS® Formula Mixture - La Bonne Graine;mars;juin;;Graines de fleurs;Fleurs décoratives
FL04551;67164;4-163;Gypsophile paniculé Œillet d'amour;121,50 €;2 g;Non traitée;10%;2,1;0,0002;1200;Caryophyllacées;vivace annuelle;Ensoleillée ;Non traité;Pollinisation ouverte;Blanc;Le Gypsophile paniculé Œillet d'amour est une plante vivace qui produit de grandes panicules de petites fleurs blanches très pures. Parfait pour les bouquets de mariée et les jardins de cottage. Hauteur : 60-90 cm. Floraison : juin à septembre.; Symbole de pureté et d'amour, le Gypsophile paniculé Œillet d'amour est une valeur sûre pour un jardin romantique.;Graines de fleurs Gypsophile paniculé Œillet d'amour, simple blanc - La Bonne Graine;mars;juin;2400;Graines de fleurs;Fleurs décoratives
HEBLKN;67246;4-244;Haricot d'Espagne Black Knight;37,70 €;50 g;Non traitée;10%;6,9;0,005;1;Fabacées (légumineuses);plante annuelle;Ensoleillée ;Non traité;Pollinisation ouverte;;L'Haricot d'Espagne Black Knight est une variété annuelle qui produit de longues gousses noires très décoratives. Ses fleurs pourpres profondes sont également très appréciées. Hauteur : 30-40 cm. Floraison : juillet à septembre.;Apportez une touche d'originalité à votre potager avec l'Haricot d'Espagne Black Knight. Ses gousses noires et ses fleurs pourpres créeront un contraste saisissant.;Graines de fleurs Haricot d'Espagne Black Knight - La Bonne Graine;mars;septembre;50;Graines de fleurs;Fleurs comestibles
;;;;;;;;;;;;;;;;;;;;;;;;
;;;;;;;;;;;;;;;;;;;;;;;;
;;;;;;;;;;;;;;;;;;;;;;;;
;;;;;;;;;;;;;;;;;;;;;;;;
;;;;;;;;;;;;;;;;;;;;;;;;
;;;;;;;;;;;;;;;;;;;;;;;;
;;;;;;;;;;;;;;;;;;;;;;;;
;;;;;;;;;;;;;;;;;;;;;;;;
;;;;;;;;;;;;;;;;;;;;;;;;
;;;;;;;;;;;;;;;;;;;;;;;;
;;;;;;;;;;;;;;;;;;;;;;;;
;;;;;;;;;;;;;;;;;;;;;;;;
;;;;;;;;;;;;;;;;;;;;;;;;
;;;;;;;;;;;;;;;;;;;;;;;;
;;;;;;;;;;;;;;;;;;;;;;;;
;;;;;;;;;;;;;;;;;;;;;;;;
