Code fournisseur;upc;Refs;nom;Prix d'achat;Conditionnement;production;tva;Prix attr. TTC;Poids attr.;graines pour 1 g;Famille;cycle;exposition;label;Type varietal;couleur exterieure;description courte;meta_description;meta_title
FL03952;6782;4-083;Achillée millefeuille Summer Pastels F2;1?425,60 €;0,25 g;Non traitée;10%;2,80 €;0,25;6800;astéracées;vivace annuelle;;Non traité;Hybride F1;Multi-couleurs;L'Achillée millefeuille Summer Pastels F2 est une variété annuelle qui produit une magnifique gamme de fleurs aux teintes pastel. Atteignant 60 à 80 cm de hauteur, cette plante robuste est idéale pour les massifs et les bouquets. Elle attire les papillons et les abeilles, ajoutant vie et couleur à votre jardin tout au long de la saison estivale.;Découvrez l'Achillée millefeuille Summer Pastels F2, une plante vivace aux teintes pastel vibrantes, parfaite pour embellir vos jardins et attirer les pollinisateurs.;Graines de fleurs Achillée millefeuille Summer Pastels F2 - La Bonne Graine
FL07443;67176;4-174;Acroclinium (Helipterum) Sensation Giants Mix;162,00 €;2 g;Non traitée;10%;2,50 €;2;400;astéracées;plante annuelle;;Non traité;Pollinisation ouverte;Multi-couleurs;L'Acroclinium Sensation Giants Mix, également connu sous le nom d'Helipterum, est une variété annuelle qui offre une explosion de couleurs vives. Avec des fleurs de différentes teintes allant du rose au blanc, cette plante atteint environ 50 cm de hauteur. Parfaite pour les massifs et les arrangements floraux, elle est également très prisée pour les fleurs séchées.;Admirez l'Acroclinium Sensation Giants Mix, une variété annuelle aux fleurs éclatantes, idéale pour massifs et bouquets. Hauteur 50 cm. Parfaite pour fleurs séchées.;Graines de fleurs Acroclinium (Helipterum) Sensation Giants Mix - La Bonne Graine
FL01271;6783;4-084;Agastache Orangeade;6,50 €;50 graines;Non traitée;10%;2,30 €;0,025;2000;Lamiacée;vivace annuelle;;Non traité;Pollinisation ouverte;Orange;L'Agastache aurantiaca Orangeade est une variété vivace qui se distingue par ses fleurs orange vif et son feuillage aromatique. Atteignant 40 à 50 cm de hauteur, cette plante est idéale pour les massifs et attire une multitude de pollinisateurs, tels que les abeilles et les papillons, grâce à son parfum envoûtant.Les feuilles de l'Agastache sont souvent utilisées en cuisine pour aromatiser les plats et les boissons, et les fleurs peuvent être utilisées comme garniture comestible.;Découvrez l'Agastache aurantiaca Orangeade, une vivace aux fleurs orange vif et feuillage aromatique. Hauteur 40 à 50 cm. Attire abeilles et papillons.;Graines de fleurs Agastache aurantiaca Orangeade - La Bonne Graine
;6784;4-085;Agératum nain Aloha Blue F1 (graines enrobées);17,40 €;25 graines;Non traitée;10%;2,90 €;0,015;;astéracées;plante annuelle;;Non traité;Hybride F1;Bleu;L'Agératum nain Aloha Blue F1 est une variété compacte produisant des fleurs bleues lumineuses. Atteignant seulement 15 à 20 cm de hauteur, elle est parfaite pour les bordures et les jardinières. Les graines enrobées assurent une germination uniforme et rapide, garantissant une belle floraison tout au long de la saison.;Optez pour l'Agératum nain Aloha Blue F1, une variété compacte aux fleurs bleues lumineuses. Hauteur 15-20 cm. Graines enrobées pour une germination uniforme.;Graines de fleurs Agératum nain Aloha Blue F1 (graines enrobées) - La Bonne Graine
FL08012;67202;4-200;Alysse odorant Giga White;2,50 €;100 graines;Non traitée;10%;2,10 €;0,05;;brassicacées (crucifères) ;plante annuelle ou bisannuelle;;Non traité;Pollinisation ouverte;Blanc;L'Alysse odorant Giga White est une variété annuelle qui offre une profusion de petites fleurs blanches au parfum délicat. Avec une hauteur de 20 à 30 cm, cette plante est idéale pour les bordures et les rocailles, attirant les abeilles et ajoutant une touche de fraîcheur et de pureté à votre jardin.;Découvrez l'Alysse odorant Giga White, une variété annuelle aux petites fleurs blanches parfumées. Hauteur 20 à 30 cm. Parfaite pour bordures et rocailles.;Graines de fleurs Alysse odorant Giga White - La Bonne Graine
FL02321;67203;4-201;Alysse odorant Royal Carpet;168,50 €;2 g;Non traitée;10%;2,50 €;2;2500;brassicacées (crucifères) ;plante annuelle ou bisannuelle;;Non traité;Pollinisation ouverte;Violet / Pourpre;L'Alysse odorant Royal Carpet est une variété annuelle qui produit une abondance de petites fleurs violettes. Avec une hauteur de 20 à 25 cm, elle est parfaite pour les bordures, les rocailles et les jardinières. Son parfum agréable attire les pollinisateurs et apporte une touche de couleur vive à votre espace extérieur.;Admirez l'Alysse odorant Royal Carpet, une annuelle aux petites fleurs violettes parfumées. Hauteur 20 à 25 cm. Idéale pour bordures et rocailles.;Graines de fleurs Alysse odorant Royal Carpet - La Bonne Graine
FL08920;6794;4-094;Alysse saxatile Corbeille d'Or;178,20 €;1 g;Non traitée;10%;2,10 €;1;1000;brassicacées (crucifères) ;plante vivace;;Non traité;Pollinisation ouverte;Jaune;L'Alysse saxatile Corbeille d'Or est une plante vivace qui se distingue par ses fleurs jaunes éclatantes. Atteignant 30 à 40 cm de hauteur, elle est idéale pour les rocailles et les bordures, offrant une floraison abondante et durable. Cette variété est également appréciée pour sa capacité à attirer les abeilles et autres pollinisateurs.;Découvrez l'Alysse saxatile Corbeille d'Or, une vivace aux fleurs jaunes éclatantes. Hauteur 30 à 40 cm. Parfaite pour rocailles et bordures.;Graines de fleurs Alysse saxatile Corbeille d'Or - La Bonne Graine
FL03106;6785;4-086;Amarante Queue-de-Renard Pony Tails;31,60 €;5 g;Non traitée;10%;2,10 €;5;1500;Amaranthacées;plante annuelle;;Non traité;Pollinisation ouverte;Rouge;L'Amarante Queue-de-Renard Pony Tails est une variété annuelle aux longues grappes de fleurs pendantes rouge vif. Elle atteint environ 150 cm de hauteur, ajoutant une touche spectaculaire aux massifs et aux bouquets séchés. Les feuilles et les graines sont comestibles.;Découvrez l'Amarante Queue-de-Renard Pony Tails, une annuelle aux longues grappes de fleurs rouge vif. Hauteur 150 cm. Parfaite pour massifs et bouquets séchés.;Graines de fleurs Amarante Queue-de-Renard Pony Tails - La Bonne Graine
FL08835;6786;4-087;Amarante Velvet Curtains;178,20 €;1 g;Non traitée;10%;2,10 €;1;1500;Amaranthacées;plante annuelle;;Non traité;Pollinisation ouverte;Rouge;L'Amarante Velvet Curtains est une variété annuelle qui se distingue par ses épis de fleurs rouge foncé et son feuillage pourpre. Elle atteint 120 à 150 cm de hauteur, apportant une touche de couleur et de texture aux massifs.;Admirez l'Amarante Velvet Curtains, une annuelle aux épis de fleurs rouge foncé et feuillage pourpre, tout deux comestibles. Hauteur 120-150 cm. Idéale pour massifs colorés.;Graines de fleurs Amarante Velvet Curtains - La Bonne Graine
FL04131;6787;4-088;Ammi visnaga Green Mist;114,20 €;1 g;Non traitée;10%;2,10 €;1;1600;apiacées (ombéllifères) ;plante annuelle ou bisannuelle;;Non traité;Pollinisation ouverte;Vert;L'Ammi visnaga Green Mist est une plante annuelle remarquable pour ses ombelles de fleurs vert pâle. Atteignant 100 à 140 cm de hauteur, elle est parfaite pour les massifs et les bouquets, ajoutant une touche délicate et élégante.;Découvrez l'Ammi visnaga Green Mist, une annuelle aux ombelles de fleurs vert pâle. Hauteur 100 à 140 cm. Parfaite pour bordures et bouquets.;Graines de fleurs Ammi visnaga Green Mist - La Bonne Graine
FL02317;6792;4-092;Ancolie des jardins double Granny's Bonnets Mix;121,50 €;2 g;Non traitée;10%;2,10 €;2;800;renonculacées;plante vivace;;Non traité;Pollinisation ouverte;Multi-couleurs;L'Ancolie des jardins double Granny's Bonnets Mix est une vivace qui produit des fleurs doubles aux couleurs variées. Atteignant 60 à 80 cm de hauteur, elle est idéale pour les massifs et les bordures, apportant une touche de charme nostalgique.;Admirez l'Ancolie des jardins double Granny's Bonnets Mix, une vivace aux fleurs doubles colorées. Hauteur 60-80 cm. Parfaite pour massifs et bordures.;Graines de fleurs Ancolie des jardins double Granny's Bonnets Mix - La Bonne Graine
FL07796;67293;4-290;Arctotis Black and White;337,00 €;1 g;Non traitée;10%;2,50 €;1;2500;astéracées;plante annuelle;;Non traité;Pollinisation ouverte;Blanc;L'Arctotis Black and White est une annuelle produisant de grandes fleurs blanches avec un centre noir. Atteignant 50 à 60 cm de hauteur, elle est parfaite pour les massifs et les jardinières, ajoutant une touche de contraste saisissant.;Découvrez l'Arctotis Black and White, une annuelle aux grandes fleurs blanches et centre noir. Hauteur 50 à 60 cm cm. Parfaite pour massifs et jardinières.;Graines de fleurs Arctotis Black and White - La Bonne Graine
FL01143;6793;4-093;Aubriète Cascade Mix;486,00 €;0,5 g;Non traitée;10%;2,10 €;0,5;4000;brassicacées (crucifères) ;plante vivace;;Non traité;Pollinisation ouverte;Violet / Pourpre;L'Aubriète Cascade Mix est une plante vivace rampante qui produit une profusion de petites fleurs violettes, roses et blanches. Elle atteint environ 15 à 20 cm de hauteur, idéale pour les bordures, les rocailles et les jardinières.;Découvrez l'Aubriète Cascade Mix, une vivace rampante aux petites fleurs colorées. Hauteur 15 à 20 cm. Parfaite pour bordures et rocailles.;Graines de fleurs Aubriète Cascade Mix - La Bonne Graine
FL07197;6796;4-096;Bégonia retombant Illumination® Apricot Shades (graines enrobées);38,00 €;10 graines;Non traitée;10%;2,90 €;0,01;;Bégoniacées;plante annuelle;;Non traité;Pollinisation ouverte;Abricot;Le Bégonia retombant Illumination® Apricot Shades est une variété vivace à floraison abondante, offrant de grandes fleurs doubles aux tons abricot. Atteignant 30 à 35 cm de hauteur, il est idéal pour les jardinières suspendues et les pots.;Admirez le Bégonia retombant Illumination® Apricot Shades, une vivace aux grandes fleurs doubles abricot. Hauteur 30-35 cm. Idéal pour jardinières suspendues.;Graines de fleurs Bégonia retombant Illumination® Apricot Shades (graines enrobées) - La Bonne Graine
;6795;4-095;Bégonia semperflorens Super Olympia Mix (graines enrobées);7,60 €;50 graines;Non traitée;10%;2,80 €;0,025;;Bégoniacées;plante annuelle;;Non traité;Pollinisation ouverte;Multi-couleurs;Le Bégonia semperflorens Super Olympia Mix est une variété annuelle à floraison continue, produisant des fleurs rouges, roses et blanches. Avec une hauteur de 20-30 cm, il est parfait pour les bordures, les jardinières et les massifs.;Découvrez le Bégonia semperflorens Super Olympia Mix, une annuelle à floraison continue aux fleurs rouges, roses et blanches. Hauteur 20-30 cm. Parfait pour bordures et jardinières;Graines de fleurs Bégonia semperflorens Super Olympia Mix (graines enrobées) - La Bonne Graine
FL02633;6797;4-097;Bégonia tubéreux Non-Stop Mix (graines enrobées);34,30 €;25 graines;Non traitée;10%;4,90 €;0,015;;Bégoniacées;plante annuelle;;Non traité;Pollinisation ouverte;Multi-couleurs;Le Bégonia tubéreux Non-Stop Mix est une vivace à floraison spectaculaire, offrant de grandes fleurs doubles dans une gamme de couleurs vives. Atteignant 40 cm de hauteur, il est idéal pour les jardinières, les pots et les massifs ombragés.;Admirez le Bégonia tubéreux Non-Stop Mix, une vivace aux grandes fleurs doubles colorées. Hauteur 30-40 cm. Idéal pour jardinières et massifs ombragés.;Graines de fleurs Bégonia tubéreux Non-Stop Mix (graines enrobées) - La Bonne Graine
FL07202;67124;4-123;Belle-de-Jour Mix;14,60 €;5 g;Non traitée;10%;2,10 €;5;100;Convolvulacées;plante annuelle;;Non traité;Pollinisation ouverte;Multi-couleurs;La Belle-de-Jour Mix est une plante annuelle produisant de charmantes fleurs en forme de trompette dans une variété de couleurs vives. Atteignant 20 à 30 cm de hauteur, elle est idéale pour les bordures, les jardinières et les massifs.;Découvrez la Belle-de-Jour Mix, une annuelle aux fleurs en trompette multicolores. Hauteur 20-30 cm. Parfaite pour bordures et jardinières.;Graines de fleurs Belle-de-Jour Mix - La Bonne Graine
FL05381;67214;4-212;Belle-de-Nuit Marbles Mix;84,20 €;5 g;Non traitée;10%;3,00 €;5;9;Convolvulacées;annuelle vivace;;Non traité;Pollinisation ouverte;Multi-couleurs;La Belle-de-Nuit Marbles Mix est une plante annuelle qui offre une floraison spectaculaire avec des fleurs aux motifs marbrés multicolores. Atteignant 60 à 80 cm de hauteur, elle est parfaite pour les massifs et les bordures.;Admirez la Belle-de-Nuit Marbles Mix, une annuelle aux fleurs marbrées multicolores. Hauteur 60-80 cm. Parfaite pour massifs et bordures.;Graines de fleurs Belle-de-Nuit Marbles Mix - La Bonne Graine
FL05303;67215;4-213;Belle-de-Nuit Mix;16,20 €;10 g;Non traitée;10%;2,10 €;10;9;Convolvulacées;annuelle vivace;;Non traité;Pollinisation ouverte;Multi-couleurs;La Belle-de-Nuit Mix est une vivace annuelle aux fleurs variées qui s'ouvrent en fin de journée. Elle atteint 50 à 70 cm de hauteur et est idéale pour les massifs et les bordures, apportant une touche de couleur et de fragrance en soirée.;Découvrez la Belle-de-Nuit Mix, une annuelle aux fleurs variées qui s'ouvrent le soir. Hauteur 50-70 cm. Parfaite pour massifs et bordures.;Graines de fleurs Belle-de-Nuit Mix - La Bonne Graine
FL02785;67216;4-214;Belle-de-Nuit Salmon Sunset;84,20 €;5 g;Non traitée;10%;3,00 €;5;9;Convolvulacées;annuelle vivace;;Non traité;Pollinisation ouverte;Saumon;La Belle-de-Nuit Salmon Sunset est une plante annuelle vivace produisant de magnifiques fleurs de couleur saumon. Atteignant 60 à 80 cm de hauteur, elle est parfaite pour les massifs et les bordures, apportant une touche de couleur douce en fin de journée.;Admirez la Belle-de-Nuit Salmon Sunset, une annuelle aux fleurs saumon. Hauteur 60-80 cm. Parfaite pour massifs et bordures.;Graines de fleurs Belle-de-Nuit Salmon Sunset - La Bonne Graine
FL06871;67100;4-100;Browallia Blue Lady;745,20 €;0,5 g;Non traitée;10%;2,90 €;0,5;4000;solanacées;plante annuelle;;Non traité;Pollinisation ouverte;Bleu;La Browallia Blue Lady est une plante annuelle produisant de ravissantes fleurs bleues en forme d'étoile. Atteignant 30 à 40 cm de hauteur, elle est idéale pour les bordures, les jardinières et les pots.;Découvrez la Browallia Blue Lady, une annuelle aux fleurs bleues étoilées. Hauteur 30-40 cm. Parfaite pour bordures et jardinières.;Graines de fleurs Browallia Blue Lady - La Bonne Graine
FL04994;67108;4-107;Campanule carillon (medium) Double Mix;103,70 €;2 g;Non traitée;10%;2,10 €;2;4200;Campanulacées;plante bisannuelle;;Non traité;Pollinisation ouverte;Multi-couleurs;La Campanule carillon Double Mix est une plante bisannuelle produisant de magnifiques fleurs doubles en forme de cloche dans une gamme de couleurs. Atteignant 60 à 80 cm de hauteur, elle est parfaite pour les massifs et les bordures.;Admirez la Campanule carillon Double Mix, une bisannuelle aux fleurs doubles en forme de cloche. Hauteur 60-80 cm. Parfaite pour massifs et bordures.;Graines de fleurs Campanule carillon (medium) Double Mix - La Bonne Graine
FL03508;67290;4-287;Capucine Bloody Mary (Orchid Cream, Chamaeleon);106,10 €;3 g;Non traitée;10%;2,40 €;3;10; Tropaéolacées;plante annuelle;;Non traité;Pollinisation ouverte;Rouge;La Capucine Bloody Mary est une variété annuelle produisant des fleurs bicolores rouge et crème. Atteignant 30 à 40 cm de hauteur, elle est idéale pour les bordures et les jardinières, ajoutant une touche de couleur vive. Les feuilles, fleurs et graines des capucines sont comestibles.;Découvrez la Capucine Bloody Mary, une annuelle aux fleurs bicolores rouge et crème. Hauteur 30-40 cm. Parfaite pour bordures et jardinières.;Graines de fleurs Capucine Bloody Mary (Orchid Cream, Chamaeleon) - La Bonne Graine
FL04452;67289;4-286;Capucine grimpante Crimson Emperor;47,00 €;5 g;Non traitée;10%;2,10 €;5;8; Tropaéolacées;plante annuelle;;Non traité;Pollinisation ouverte;Rouge;La Capucine grimpante Crimson Emperor est une variété annuelle produisant des fleurs rouge vif. Atteignant 200 à 300 cm de hauteur, elle est idéale pour les treillis, les clôtures et les pergolas. Les feuilles, fleurs et graines des capucines sont comestibles.;Admirez la Capucine grimpante Crimson Emperor, une annuelle aux fleurs rouge vif. Hauteur 200-300 cm. Parfaite pour treillis et clôtures.;Graines de fleurs Capucine grimpante Crimson Emperor - La Bonne Graine
FL07752;67281;4-278;Capucine naine Alaska Mix;29,20 €;5 g;Non traitée;10%;2,10 €;5;8; Tropaéolacées;plante annuelle;;Non traité;Pollinisation ouverte;Multi-couleurs;La Capucine naine Alaska Mix est une variété annuelle produisant des fleurs de différentes couleurs avec un feuillage panaché. Atteignant 30 à 40 cm de hauteur, elle est parfaite pour les bordures et les jardinières. Les feuilles, fleurs et graines des capucines sont comestibles.;Découvrez la Capucine naine Alaska Mix, une annuelle aux fleurs multicolores et feuillage panaché. Hauteur 20-30 cm. Parfaite pour bordures et jardinières.;Graines de fleurs Capucine naine Alaska Mix - La Bonne Graine
FL06941;67291;4-288;Capucine naine Baby Rose;145,70 €;3 g;Non traitée;10%;2,30 €;3;9; Tropaéolacées;plante annuelle;;Non traité;Pollinisation ouverte;Rose;La Capucine naine Baby Rose est une variété annuelle produisant des fleurs rose vif. Atteignant 20 à 30 cm de hauteur, elle est idéale pour les bordures et les jardinières, ajoutant une touche de couleur délicate. Les feuilles, fleurs et graines des capucines sont comestibles.;Admirez la Capucine naine Baby Rose, une annuelle aux fleurs rose vif. Hauteur 20-30 cm. Parfaite pour bordures et jardinières.;Graines de fleurs Capucine naine Baby Rose - La Bonne Graine
FL06702;67282;4-279;Capucine naine King Theodore Black velvet;61,60 €;5 g;Non traitée;10%;2,30 €;5;8; Tropaéolacées;plante annuelle;;Non traité;Pollinisation ouverte;Rouge;La Capucine naine King Theodore Black Velvet est une variété annuelle produisant des fleurs rouge foncé presque noir. Atteignant 40 cm de hauteur, elle est idéale pour les bordures et les jardinières, apportant une touche de sophistication. Les feuilles, fleurs et graines des capucines sont comestibles.;Découvrez la Capucine naine King Theodore Black Velvet, une annuelle aux fleurs rouge foncé. Hauteur 20-30 cm. Parfaite pour bordures et jardinières.;Graines de fleurs Capucine naine King Theodore Black velvet - La Bonne Graine
FL05695;67283;4-280;Capucine naine Orange Troika;97,20 €;4 g;Non traitée;10%;2,80 €;4;10; Tropaéolacées;plante annuelle;;Non traité;Pollinisation ouverte;Orange;La Capucine naine Orange Troika est une variété annuelle produisant des fleurs orange vif. Atteignant 50 cm de hauteur, elle est parfaite pour les bordures et les jardinières, ajoutant une touche de couleur éclatante. Les feuilles, fleurs et graines des capucines sont comestibles.;Admirez la Capucine naine Orange Troika, une annuelle aux fleurs orange vif. Hauteur 20-30 cm. Parfaite pour bordures et jardinières.;Graines de fleurs Capucine naine Orange Troika - La Bonne Graine
FL01494;67284;4-281;Capucine naine Peach Melba (superior);68,90 €;5 g;Non traitée;10%;2,40 €;5;8; Tropaéolacées;plante annuelle;;Non traité;Pollinisation ouverte;Pêche;La Capucine naine Peach Melba est une variété annuelle produisant des fleurs pêche avec un cœur rouge. Atteignant 20 à 30 cm de hauteur, elle est idéale pour les bordures et les jardinières, apportant une touche de douceur et de couleur. Les feuilles, fleurs et graines des capucines sont comestibles.;Découvrez la Capucine naine Peach Melba, une annuelle aux fleurs pêche et cœur rouge. Hauteur 20-30 cm. Parfaite pour bordures et jardinières.;Graines de fleurs Capucine naine Peach Melba (superior) - La Bonne Graine
FL05675;67292;4-289;Capucine naine Princess of India;80,80 €;4 g;Non traitée;10%;2,90 €;4;9; Tropaéolacées;plante annuelle;;Non traité;Pollinisation ouverte;Rouge;La Capucine naine Princess of India est une variété annuelle produisant des fleurs rouge foncé avec un feuillage vert foncé. Atteignant 20 à 30 cm de hauteur, elle est idéale pour les bordures et les jardinières, ajoutant une touche royale et colorée. Les feuilles, fleurs et graines des capucines sont comestibles.;dmirez la Capucine naine Princess of India, une annuelle aux fleurs rouge foncé et feuillage vert. Hauteur 20-30 cm. Parfaite pour bordures et jardinières.;Graines de fleurs Capucine naine Princess of India - La Bonne Graine
FL06567;67285;4-282;Capucine naine Salmon Baby;80,80 €;4 g;Non traitée;10%;2,90 €;4;9; Tropaéolacées;plante annuelle;;Non traité;Pollinisation ouverte;Saumon;La Capucine naine Salmon Baby est une variété annuelle produisant des fleurs saumon délicates. Atteignant 20 à 30 cm de hauteur, elle est idéale pour les bordures et les jardinières, apportant une touche de douceur et d'élégance. Les feuilles, fleurs et graines des capucines sont comestibles.;Découvrez la Capucine naine Salmon Baby, une annuelle aux fleurs saumon délicates. Hauteur 20-30 cm. Parfaite pour bordures et jardinières.;Graines de fleurs Capucine naine Salmon Baby - La Bonne Graine
FL05271;67286;4-283;Capucine naine Tip Top Formula Mixture;64,40 €;5 g;Non traitée;10%;2,30 €;5;9; Tropaéolacées;plante annuelle;;Non traité;Pollinisation ouverte;Multi-couleurs;La Capucine naine Tip Top Formula Mixture est une variété annuelle produisant des fleurs multicolores. Atteignant 20 à 30 cm de hauteur, elle est parfaite pour les bordures et les jardinières, ajoutant une explosion de couleurs vives. Les feuilles, fleurs et graines des capucines sont comestibles.;Admirez la Capucine naine Tip Top Formula Mixture, une annuelle aux fleurs multicolores. Hauteur 20-30 cm. Parfaite pour bordures et jardinières.;Graines de fleurs Capucine naine Tip Top Formula Mixture - La Bonne Graine
FL05040;67287;4-284;Capucine naine Tom Pouce;11,30 €;10 g;Non traitée;10%;2,10 €;10;8; Tropaéolacées;plante annuelle;;Non traité;Pollinisation ouverte;Multi-couleurs;La Capucine naine Tom Pouce est une variété annuelle produisant des fleurs de différentes couleurs. Atteignant 20 à 30 cm de hauteur, elle est idéale pour les bordures et les jardinières, apportant une touche de couleur compacte et élégante.;Découvrez la Capucine naine Tom Pouce, une annuelle aux fleurs multicolores. Hauteur 20-30 cm. Parfaite pour bordures et jardinières.;Graines de fleurs Capucine naine Tom Pouce - La Bonne Graine
FL03879;67288;4-285;Capucine naine Whirly bird Formula Mixture;92,20 €;3 g;Non traitée;10%;2,30 €;3;9; Tropaéolacées;plante annuelle;;Non traité;Pollinisation ouverte;Multi-couleurs;La Capucine naine Whirlybird Formula Mixture est une variété annuelle produisant des fleurs multicolores sans éperon. Atteignant 20 à 30 cm de hauteur, elle est idéale pour les bordures et les jardinières, offrant une floraison abondante et continue. Les feuilles, fleurs et graines des capucines sont comestibles.;Admirez la Capucine naine Whirlybird Formula Mixture, une annuelle aux fleurs multicolores sans éperon. Hauteur 20-30 cm. Parfaite pour bordures et jardinières.;Graines de fleurs Capucine naine Whirly bird Formula Mixture - La Bonne Graine
FL04001;67280;4-277;Capucine Phoenix/Arizona;101,10 €;3 g;Non traitée;10%;2,40 €;3;8; Tropaéolacées;plante annuelle;;Non traité;Pollinisation ouverte;Multi-couleurs;La Capucine Phoenix/Arizona est une variété annuelle produisant des fleurs aux couleurs vives avec un feuillage vert foncé. Atteignant 40 à 50 cm de hauteur, elle est idéale pour les bordures et les jardinières, ajoutant une touche de couleur éclatante et exotique. Les feuilles, fleurs et graines des capucines sont comestibles.;Découvrez la Capucine Phoenix/Arizona, une annuelle aux fleurs vives et feuillage vert foncé. Hauteur 40-50 cm. Parfaite pour bordures et jardinières.;Graines de fleurs Capucine Phoenix/Arizona - La Bonne Graine
FL05337;67149;4-148;Cardère sauVivace annuellege Dipsacus sylvestris;121,50 €;3 g;Non traitée;10%;2,60 €;3;325; Dipsacacées;plante bisannuelle ou annuelle;;Non traité;Pollinisation ouverte;Violet / Pourpre;La Cardère sauvage, ou Dipsacus sylvestris, est une plante bisannuelle impressionnante, connue pour ses têtes florales en forme de cône entourées de bractées épineuses. Atteignant 150 à 200 cm de hauteur, elle est idéale pour les jardins sauvages et attire de nombreux insectes pollinisateurs. Utilisée historiquement pour carder la laine, elle apporte une touche de rusticité et d'intérêt visuel.;Découvrez la Cardère sauvage (Dipsacus sylvestris), une bisannuelle aux têtes florales épineuses. Hauteur 150-200 cm. Parfaite pour jardins sauvages, attire les pollinisateurs.;Graines de fleurs Cardère sauVivace annuellege Dipsacus sylvestris - La Bonne Graine
FL09973;67114;4-113;Centaurée bleuet Black Ball;31,60 €;5 g;Non traitée;10%;2,10 €;5;220;astéracées;plante annuelle ou bisannuelle;;Non traité;Pollinisation ouverte;Noir;La Centaurée bleuet Black Ball est une variété annuelle comestible produisant de superbes fleurs d'un noir profond. Atteignant 80 à 90 cm de hauteur, elle est idéale pour les massifs et les bouquets, apportant une touche de sophistication et de contraste.;Admirez la Centaurée bleuet Black Ball, une annuelle aux fleurs noires profondes. Hauteur 80-90 cm. Parfaite pour massifs et bouquets.;Graines de fleurs Centaurée bleuet Black Ball - La Bonne Graine
FL08090;67109;4-108;Centaurée bleuet Classic Fantastic;144,20 €;2 g;Non traitée;10%;2,20 €;2;220;astéracées;plante annuelle ou bisannuelle;;Non traité;Pollinisation ouverte;Bleu;La Centaurée bleuet Classic Fantastic est une variété annuelle produisant des fleurs bleues éclatantes. Atteignant 80 à 90 cm de hauteur, elle est parfaite pour les massifs et les bouquets, ajoutant une touche de couleur vive et rafraîchissante. Variété comestible;Découvrez la Centaurée bleuet Classic Fantastic, une annuelle aux fleurs bleues éclatantes. Hauteur 80-90 cm. Parfaite pour massifs et bouquets.;Graines de fleurs Centaurée bleuet Classic Fantastic - La Bonne Graine
FL09237;67110;4-109;Centaurée bleuet Classic Magic;144,20 €;2 g;Non traitée;10%;2,20 €;2;220;astéracées;plante annuelle ou bisannuelle;;Non traité;Pollinisation ouverte;Multi-couleurs;La Centaurée bleuet Classic Magic est une variété annuelle comestible offrant des fleurs bicolores en blanc et pourpre. Atteignant 80 à 90 cm de hauteur, elle est idéale pour les massifs et les bouquets, ajoutant une touche de mystère et d'élégance.;Admirez la Centaurée bleuet Classic Magic, une annuelle aux fleurs bicolores blanc et pourpre. Hauteur 80-90 cm. Parfaite pour massifs et bouquets.;Graines de fleurs Centaurée bleuet Classic Magic - La Bonne Graine
FL05577;67111;4-110;Centaurée bleuet Classic Romantic;144,20 €;2 g;Non traitée;10%;2,20 €;2;220;astéracées;plante annuelle ou bisannuelle;;Non traité;Pollinisation ouverte;Multi-couleurs;La Centaurée bleuet Classic Romantic est une variété annuelle produisant des fleurs aux nuances rose et blanc. Atteignant 80 à 90 cm de hauteur, elle est idéale pour les massifs et les bouquets, apportant une touche de romantisme et de douceur.;Découvrez la Centaurée bleuet Classic Romantic, une annuelle aux fleurs rose et blanc. Hauteur 80-90 cm. Parfaite pour massifs et bouquets.;Graines de fleurs Centaurée bleuet Classic Romantic - La Bonne Graine
FL08243;67112;4-111;Centaurée jacea (fleur sauvage);348,30 €;1 g;Non traitée;10%;2,50 €;1;600;astéracées;vivace annuelle;;Non traité;Pollinisation ouverte;Violet / Pourpre;La Centaurée jacea, ou centaurée jacée, est une plante vivace sauvage produisant des fleurs violettes en forme de pompon. Atteignant 60 à 90 cm de hauteur, elle est parfaite pour les prairies et les jardins sauvages, attirant les pollinisateurs et favorisant la biodiversité.;Admirez la Centaurée jacea, une vivace sauvage aux fleurs violettes en pompon. Hauteur 60-90 cm. Idéale pour prairies et jardins sauvages.;Graines de fleurs Centaurée jacea (fleur sauVivace annuellege) - La Bonne Graine
FL03619;67113;4-112;Centaurée Bleuet des Montagnes;307,80 €;1 g;Non traitée;10%;2,30 €;1;75;astéracées;vivace annuelle;;Non traité;Pollinisation ouverte;Bleu;La Centaurée vivace Bleuet des Montagnes est une plante vivace robuste produisant de grandes fleurs bleu intense. Atteignant 40 à 60 cm de hauteur, elle est idéale pour les massifs et les bordures, ajoutant une touche de couleur vive et durable.;Découvrez la Centaurée vivace Bleuet des Montagnes, une vivace aux grandes fleurs bleues. Hauteur 40-60 cm. Parfaite pour massifs et bordures.;Graines de fleurs Centaurée viVivace annuellece Bleuet des Montagnes - La Bonne Graine
FL07020;67116;4-115;Cerinthe Major Purpurascens Kiwi Blue;459,60 €;1 g;Non traitée;10%;3,20 €;1;20;Boraginacées;plante annuelle ou bisannuelle;;Non traité;Pollinisation ouverte;Bleu;La Cerinthe Kiwi Blue est une plante annuelle ou bisannuelle produisant des fleurs tubulaires bleu-violet et un feuillage gris-vert. Atteignant 40 à 60 cm de hauteur, elle est idéale pour les massifs et les bordures, attirant les abeilles et les autres pollinisateurs.;Admirez la Cerinthe major Purpurascens Kiwi Blue, une annuelle aux fleurs bleu-violet et feuillage gris-vert. Hauteur 40-60 cm. Parfaite pour massifs et bordures.;Graines de fleurs Cerinthe major Purpurascens Kiwi Blue - La Bonne Graine
FL05072;67119;4-118;Chicorée sauvage annuelle;97,20 €;2 g;Non traitée;10%;2,10 €;2;450;astéracées;plante vivace;;Non traité;Pollinisation ouverte;Bleu;La Chicorée sauvage est une plante vivace produisant des fleurs bleues délicates et des feuilles comestibles. Atteignant 60 à 120 cm de hauteur, elle est idéale pour les jardins de plantes comestibles et médicinales. Ses feuilles peuvent être utilisées en salade et ses racines peuvent être torréfiées comme substitut de café.;Découvrez la Chicorée sauvage, une vivace aux fleurs bleues et feuilles comestibles. Hauteur 60-120 cm. Idéale pour jardins comestibles et médicinaux.;Graines de fleurs Chicorée sauVivace annuellege - La Bonne Graine
